PDF Filename,URL
child_page_1.pdf,https://www.1177.se/sjukdomar--besvar/allergier-och-overkanslighet/celiaki/celiaki/
child_page_2.pdf,https://www.1177.se/sjukdomar--besvar/allergier-och-overkanslighet/celiaki/celiaki-hos-barn/
child_page_3.pdf,https://www.1177.se/sjukdomar--besvar/allergier-och-overkanslighet/celiaki/mat-och-matlagning-vid-celiaki/
child_page_4.pdf,https://www.1177.se/sjukdomar--besvar/cancer/att-leva-med-cancer/att-fa-ett-cancerbesked/
child_page_5.pdf,https://www.1177.se/sjukdomar--besvar/cancer/att-leva-med-cancer/cancer-och-sexualitet/
child_page_6.pdf,https://www.1177.se/sjukdomar--besvar/cancer/att-leva-med-cancer/fertiliteten-efter-cancerbehandlingen/
child_page_7.pdf,https://www.1177.se/sjukdomar--besvar/cancer/att-leva-med-cancer/film-efter-cancerbehandlingen---och-sen-da/
child_page_8.pdf,https://www.1177.se/sjukdomar--besvar/cancer/att-leva-med-cancer/fysisk-aktivitet-och-fysioterapi-vid-cancer/
child_page_9.pdf,https://www.1177.se/sjukdomar--besvar/cancer/att-leva-med-cancer/hjalp-med-tankar-och-kanslor-vid-cancer/
child_page_10.pdf,https://www.1177.se/sjukdomar--besvar/cancer/att-leva-med-cancer/mat-vid-cancer/
child_page_11.pdf,https://www.1177.se/sjukdomar--besvar/cancer/att-leva-med-cancer/vad-ar-cancerrehabilitering/
child_page_12.pdf,https://www.1177.se/sjukdomar--besvar/cancer/barncancer/barn-och-cancer/
child_page_13.pdf,https://www.1177.se/sjukdomar--besvar/cancer/cancerformer/basalcellscancer--hudcancer/
child_page_14.pdf,https://www.1177.se/sjukdomar--besvar/cancer/cancerformer/brostcancer/
child_page_15.pdf,https://www.1177.se/sjukdomar--besvar/cancer/cancerformer/bukspottkortelcancer/
child_page_16.pdf,https://www.1177.se/sjukdomar--besvar/cancer/cancerformer/cancer-utan-kand-primartumor-cup/
child_page_17.pdf,https://www.1177.se/sjukdomar--besvar/cancer/cancerformer/gallvagscancer/
child_page_18.pdf,https://www.1177.se/sjukdomar--besvar/cancer/cancerformer/hjarntumor/
child_page_19.pdf,https://www.1177.se/sjukdomar--besvar/cancer/cancerformer/huvud-halscancer/
child_page_20.pdf,https://www.1177.se/sjukdomar--besvar/cancer/cancerformer/leukemi--blodcancer/
child_page_21.pdf,https://www.1177.se/sjukdomar--besvar/cancer/cancerformer/levercancer/
child_page_22.pdf,https://www.1177.se/sjukdomar--besvar/cancer/cancerformer/livmodercancer/
child_page_23.pdf,https://www.1177.se/sjukdomar--besvar/cancer/cancerformer/livmoderhalscancer/
child_page_24.pdf,https://www.1177.se/sjukdomar--besvar/cancer/cancerformer/lungcancer/
child_page_25.pdf,https://www.1177.se/sjukdomar--besvar/cancer/cancerformer/lungsackscancer/
child_page_26.pdf,https://www.1177.se/sjukdomar--besvar/cancer/cancerformer/lymfom---lymfkortelcancer/
child_page_27.pdf,https://www.1177.se/sjukdomar--besvar/cancer/cancerformer/magcancer---magsackscancer/
child_page_28.pdf,https://www.1177.se/sjukdomar--besvar/cancer/cancerformer/malignt-melanom--hudcancer/
child_page_29.pdf,https://www.1177.se/sjukdomar--besvar/cancer/cancerformer/myelom/
child_page_30.pdf,https://www.1177.se/sjukdomar--besvar/cancer/cancerformer/neuroblastom-hos-barn/
child_page_31.pdf,https://www.1177.se/sjukdomar--besvar/cancer/cancerformer/neuroendokrina-tumorer-net/
child_page_32.pdf,https://www.1177.se/sjukdomar--besvar/cancer/cancerformer/njurcancer/
child_page_33.pdf,https://www.1177.se/sjukdomar--besvar/cancer/cancerformer/peniscancer/
child_page_34.pdf,https://www.1177.se/sjukdomar--besvar/cancer/cancerformer/prostatacancer/
child_page_35.pdf,https://www.1177.se/sjukdomar--besvar/cancer/cancerformer/retinoblastom--ogoncancer-hos-barn/
child_page_36.pdf,https://www.1177.se/sjukdomar--besvar/cancer/cancerformer/sarkom/
child_page_37.pdf,https://www.1177.se/sjukdomar--besvar/cancer/cancerformer/skivepitelcancer--hudcancer/
child_page_38.pdf,https://www.1177.se/sjukdomar--besvar/cancer/cancerformer/skoldkortelcancer/
child_page_39.pdf,https://www.1177.se/sjukdomar--besvar/cancer/cancerformer/testikelcancer/
child_page_40.pdf,https://www.1177.se/sjukdomar--besvar/cancer/cancerformer/tjocktarmscancer-och-andtarmscancer/
child_page_41.pdf,https://www.1177.se/sjukdomar--besvar/cancer/cancerformer/tunntarmscancer/
child_page_42.pdf,https://www.1177.se/sjukdomar--besvar/cancer/cancerformer/urinblasecancer/
child_page_43.pdf,https://www.1177.se/sjukdomar--besvar/cancer/cancerformer/wilms-tumor--njurcancer-hos-barn/
child_page_44.pdf,https://www.1177.se/sjukdomar--besvar/cancer/cancerformer/vulvacancer/
child_page_45.pdf,https://www.1177.se/sjukdomar--besvar/cancer/cancerformer/aggstockscancer/
child_page_46.pdf,https://www.1177.se/sjukdomar--besvar/cancer/cancerformer/ogonmelanom/
child_page_47.pdf,https://www.1177.se/sjukdomar--besvar/cancer/fakta-om-cancer/arftligt-okad-risk-for-cancer/
child_page_48.pdf,https://www.1177.se/sjukdomar--besvar/cancer/fakta-om-cancer/tumorer-och-andra-utvaxter/
child_page_49.pdf,https://www.1177.se/sjukdomar--besvar/cancer/fakta-om-cancer/vanliga-fragor-om-cancer/
child_page_50.pdf,https://www.1177.se/sjukdomar--besvar/cancer/fakta-om-cancer/vad-ar-cancer/
child_page_51.pdf,https://www.1177.se/sjukdomar--besvar/cancer/narstaende-vid-cancer/film-vara-nara-nagon-som-ar-cancersjuk/
child_page_52.pdf,https://www.1177.se/sjukdomar--besvar/cancer/rad-och-stod-vid-cancer/rad-och-stod-vid-cancer/
child_page_53.pdf,https://www.1177.se/sjukdomar--besvar/cancer/rad-och-stod-vid-cancer/kontaktsjukskoterskan--ditt-stod-i-varden-vid-cancer/
child_page_54.pdf,https://www.1177.se/sjukdomar--besvar/cancer/rad-och-stod-vid-cancer/min-vardplan--ditt-stod-for-delaktighet-och-trygghet-i-cancervarden/
child_page_55.pdf,https://www.1177.se/sjukdomar--besvar/cancer/rad-och-stod-vid-cancer/praktiskt-stod-vid-cancer/
child_page_56.pdf,https://www.1177.se/sjukdomar--besvar/cancer/rad-och-stod-vid-cancer/film-ensam-och-radd-med-ett-cancerbesked/
child_page_57.pdf,https://www.1177.se/sjukdomar--besvar/hjarna-och-nerver/huvudvark-och-migran/huvudvark-hos-barn-och-tonaringar/
child_page_58.pdf,https://www.1177.se/sjukdomar--besvar/hjarna-och-nerver/huvudvark-och-migran/huvudvark-hos-vuxna/
child_page_59.pdf,https://www.1177.se/sjukdomar--besvar/hjarna-och-nerver/huvudvark-och-migran/klusterhuvudvark/
child_page_60.pdf,https://www.1177.se/sjukdomar--besvar/hjarna-och-nerver/huvudvark-och-migran/migran/
child_page_61.pdf,https://www.1177.se/sjukdomar--besvar/hjarna-och-nerver/huvudvark-och-migran/spanningshuvudvark/
child_page_62.pdf,https://www.1177.se/sjukdomar--besvar/hjarna-och-nerver/neuropsykiatriska-funktionsnedsattningar/adhd/
child_page_63.pdf,https://www.1177.se/sjukdomar--besvar/hjarna-och-nerver/neuropsykiatriska-funktionsnedsattningar/autism/
child_page_64.pdf,https://www.1177.se/sjukdomar--besvar/hjarna-och-nerver/neuropsykiatriska-funktionsnedsattningar/tourettes-syndrom-hos-barn/
child_page_65.pdf,https://www.1177.se/sjukdomar--besvar/hjarna-och-nerver/larande-forstaelse-och-minne/demens---alzheimers-sjukdom/
child_page_66.pdf,https://www.1177.se/sjukdomar--besvar/hjarna-och-nerver/larande-forstaelse-och-minne/minnesstorningar/
child_page_67.pdf,https://www.1177.se/sjukdomar--besvar/hjarna-och-nerver/larande-forstaelse-och-minne/demens--blodkarlsdemens/
child_page_68.pdf,https://www.1177.se/sjukdomar--besvar/hjarna-och-nerver/larande-forstaelse-och-minne/demenssjukdomar/
child_page_69.pdf,https://www.1177.se/sjukdomar--besvar/hjarna-och-nerver/larande-forstaelse-och-minne/downs-syndrom/
child_page_70.pdf,https://www.1177.se/sjukdomar--besvar/hjarna-och-nerver/larande-forstaelse-och-minne/dyskalkyli/
child_page_71.pdf,https://www.1177.se/sjukdomar--besvar/hjarna-och-nerver/larande-forstaelse-och-minne/dyslexi/
child_page_72.pdf,https://www.1177.se/sjukdomar--besvar/hjarna-och-nerver/larande-forstaelse-och-minne/demens---pannlobsdemens/
child_page_73.pdf,https://www.1177.se/sjukdomar--besvar/hjarna-och-nerver/larande-forstaelse-och-minne/hydrocefalus--att-ha-for-mycket-vatska-i-hjarnan/
child_page_74.pdf,https://www.1177.se/sjukdomar--besvar/hjarna-och-nerver/larande-forstaelse-och-minne/lewy-body-demens/
child_page_75.pdf,https://www.1177.se/sjukdomar--besvar/hjarna-och-nerver/larande-forstaelse-och-minne/nar-barn-har-svarigheter-med-tal-och-sprak/
child_page_76.pdf,https://www.1177.se/sjukdomar--besvar/hjarna-och-nerver/larande-forstaelse-och-minne/narstaende-till-nagon-med-en-demenssjukdom/
child_page_77.pdf,https://www.1177.se/sjukdomar--besvar/hjarna-och-nerver/larande-forstaelse-och-minne/forvirringstillstand-hos-aldre/
child_page_78.pdf,https://www.1177.se/sjukdomar--besvar/hjarna-och-nerver/larande-forstaelse-och-minne/vad-innebar-transitorisk-global-amnesi/
child_page_79.pdf,https://www.1177.se/sjukdomar--besvar/hjarna-och-nerver/langvarig-trotthet-och-narkolepsi/trotthet-vid-sjukdom---fatigue/
child_page_80.pdf,https://www.1177.se/sjukdomar--besvar/hjarna-och-nerver/langvarig-trotthet-och-narkolepsi/narkolepsi/
child_page_81.pdf,https://www.1177.se/sjukdomar--besvar/hjarna-och-nerver/langvarig-trotthet-och-narkolepsi/mecfs/
child_page_82.pdf,https://www.1177.se/sjukdomar--besvar/hjarna-och-nerver/stroke-och-blodkarl-i-hjarnan/stroke/
child_page_83.pdf,https://www.1177.se/sjukdomar--besvar/hjarna-och-nerver/infektioner-i-hjarna-och-nerver/epidemisk-hjarnhinneinflammation/
child_page_84.pdf,https://www.1177.se/sjukdomar--besvar/hjarna-och-nerver/infektioner-i-hjarna-och-nerver/hjarnhinneinflammation-och-hjarninflammation/
child_page_85.pdf,https://www.1177.se/sjukdomar--besvar/hjarna-och-nerver/infektioner-i-hjarna-och-nerver/japansk-hjarninflammation/
child_page_86.pdf,https://www.1177.se/sjukdomar--besvar/hjarna-och-nerver/infektioner-i-hjarna-och-nerver/polio/
child_page_87.pdf,https://www.1177.se/sjukdomar--besvar/hjarna-och-nerver/infektioner-i-hjarna-och-nerver/tbe---fastingburen-hjarninflammation/
child_page_88.pdf,https://www.1177.se/sjukdomar--besvar/hjarna-och-nerver/nerver/als/
child_page_89.pdf,https://www.1177.se/sjukdomar--besvar/hjarna-och-nerver/nerver/ansiktsforlamning/
child_page_90.pdf,https://www.1177.se/sjukdomar--besvar/hjarna-och-nerver/nerver/cerebral-pares--cp/
child_page_91.pdf,https://www.1177.se/sjukdomar--besvar/hjarna-och-nerver/nerver/multipel-skleros--ms/
child_page_92.pdf,https://www.1177.se/sjukdomar--besvar/hjarna-och-nerver/nerver/parkinsons-sjukdom/
child_page_93.pdf,https://www.1177.se/sjukdomar--besvar/hjarna-och-nerver/nerver/polyneuropati-en-sjukdom-i-flera-nerver/
child_page_94.pdf,https://www.1177.se/sjukdomar--besvar/hjarna-och-nerver/nerver/ryggmargsbrack/
child_page_95.pdf,https://www.1177.se/sjukdomar--besvar/hjarna-och-nerver/nerver/tics/
child_page_96.pdf,https://www.1177.se/sjukdomar--besvar/hjarna-och-nerver/yrsel-svimning-och-kramper/affektanfall-hos-barn/
child_page_97.pdf,https://www.1177.se/sjukdomar--besvar/hjarna-och-nerver/yrsel-svimning-och-kramper/epilepsi/
child_page_98.pdf,https://www.1177.se/sjukdomar--besvar/hjarna-och-nerver/yrsel-svimning-och-kramper/feberkramper-hos-barn/
child_page_99.pdf,https://www.1177.se/sjukdomar--besvar/hjarna-och-nerver/yrsel-svimning-och-kramper/kramper-hos-barn/
child_page_100.pdf,https://www.1177.se/sjukdomar--besvar/hjarna-och-nerver/yrsel-svimning-och-kramper/svimning/
child_page_101.pdf,https://www.1177.se/sjukdomar--besvar/hjarna-och-nerver/yrsel-svimning-och-kramper/yrsel/
child_page_102.pdf,https://www.1177.se/sjukdomar--besvar/hjarta-och-blodkarl/blodkarl/blodpropp-i-benet/
child_page_103.pdf,https://www.1177.se/sjukdomar--besvar/hjarta-och-blodkarl/blodkarl/blodpropp-i-lungan/
child_page_104.pdf,https://www.1177.se/sjukdomar--besvar/hjarta-och-blodkarl/blodkarl/brack-pa-stora-kroppspulsadern-i-magen/
child_page_105.pdf,https://www.1177.se/sjukdomar--besvar/hjarta-och-blodkarl/blodkarl/hoga-blodfetter/
child_page_106.pdf,https://www.1177.se/sjukdomar--besvar/hjarta-och-blodkarl/blodkarl/inflammation-i-tinningens-pulsader--temporalisarterit/
child_page_107.pdf,https://www.1177.se/sjukdomar--besvar/hjarta-och-blodkarl/blodkarl/kallbrand/
child_page_108.pdf,https://www.1177.se/sjukdomar--besvar/hjarta-och-blodkarl/blodkarl/karlkramp/
child_page_109.pdf,https://www.1177.se/sjukdomar--besvar/hjarta-och-blodkarl/blodkarl/karlkramp-i-benen/
child_page_110.pdf,https://www.1177.se/sjukdomar--besvar/hjarta-och-blodkarl/blodkarl/vaskulit/
child_page_111.pdf,https://www.1177.se/sjukdomar--besvar/hjarta-och-blodkarl/blodkarl/aderbrack-i-benen/
child_page_112.pdf,https://www.1177.se/sjukdomar--besvar/hjarta-och-blodkarl/blodkarl/aderforfettning--aderforkalkning/
child_page_113.pdf,https://www.1177.se/sjukdomar--besvar/hjarta-och-blodkarl/blodsjukdomar/polycytemi--for-manga-roda-blodkroppar-i-blodet/
child_page_114.pdf,https://www.1177.se/sjukdomar--besvar/hjarta-och-blodkarl/blodsjukdomar/blodarsjuka/
child_page_115.pdf,https://www.1177.se/sjukdomar--besvar/hjarta-och-blodkarl/blodsjukdomar/blodbrist-pa-grund-av-for-lite-vitamin-b12/
child_page_116.pdf,https://www.1177.se/sjukdomar--besvar/hjarta-och-blodkarl/blodsjukdomar/blodbrist-pa-grund-av-for-lite-jarn/
child_page_117.pdf,https://www.1177.se/sjukdomar--besvar/hjarta-och-blodkarl/blodsjukdomar/blodbrist/
child_page_118.pdf,https://www.1177.se/sjukdomar--besvar/hjarta-och-blodkarl/blodtryck/lagt-blodtryck/
child_page_119.pdf,https://www.1177.se/sjukdomar--besvar/hjarta-och-blodkarl/blodtryck/hogt-blodtryck/
child_page_120.pdf,https://www.1177.se/sjukdomar--besvar/hjarta-och-blodkarl/blodtryck/pots/
child_page_121.pdf,https://www.1177.se/sjukdomar--besvar/hjarta-och-blodkarl/hjartbesvar-och-hjartfel/arftliga-hjart-karlsjukdomar/
child_page_122.pdf,https://www.1177.se/sjukdomar--besvar/hjarta-och-blodkarl/hjartbesvar-och-hjartfel/hypertrofisk-kardiomyopati-hcm/
child_page_123.pdf,https://www.1177.se/sjukdomar--besvar/hjarta-och-blodkarl/hjartbesvar-och-hjartfel/dilaterad-kardiomyopati-dcm/
child_page_124.pdf,https://www.1177.se/sjukdomar--besvar/hjarta-och-blodkarl/hjartbesvar-och-hjartfel/langt-qt-syndrom-lqts/
child_page_125.pdf,https://www.1177.se/sjukdomar--besvar/hjarta-och-blodkarl/hjartbesvar-och-hjartfel/medfodda-hjartfel-hos-barn/
child_page_126.pdf,https://www.1177.se/sjukdomar--besvar/hjarta-och-blodkarl/hjartbesvar-och-hjartfel/olika-typer-av-medfodda-hjartfel-hos-barn/
child_page_127.pdf,https://www.1177.se/sjukdomar--besvar/hjarta-och-blodkarl/hjartbesvar-och-hjartfel/hjartsvikt/
child_page_128.pdf,https://www.1177.se/sjukdomar--besvar/hjarta-och-blodkarl/hjartbesvar-och-hjartfel/hjartklaffsjukdomar/
child_page_129.pdf,https://www.1177.se/sjukdomar--besvar/hjarta-och-blodkarl/hjartbesvar-och-hjartfel/hjartinfarkt/
child_page_130.pdf,https://www.1177.se/sjukdomar--besvar/hjarta-och-blodkarl/hjartbesvar-och-hjartfel/blasljud-fran-hjartat/
child_page_131.pdf,https://www.1177.se/sjukdomar--besvar/hjarta-och-blodkarl/hjartrytm/plotsligt-hjartstopp-hos-idrottande-barn-och-ungdomar/
child_page_132.pdf,https://www.1177.se/sjukdomar--besvar/hjarta-och-blodkarl/hjartrytm/formaksflimmer/
child_page_133.pdf,https://www.1177.se/sjukdomar--besvar/hjarta-och-blodkarl/hjartrytm/hjartklappning/
child_page_134.pdf,https://www.1177.se/sjukdomar--besvar/hjarta-och-blodkarl/hjartrytm/forandrad-hjartrytm-hos-barn-arytmi/
child_page_135.pdf,https://www.1177.se/sjukdomar--besvar/hjarta-och-blodkarl/inflammation-och-infektion-i-hjartat/inflammationer-och-infektioner-i-hjartat-hos-barn/
child_page_136.pdf,https://www.1177.se/sjukdomar--besvar/hjarta-och-blodkarl/inflammation-och-infektion-i-hjartat/hjartsacksinflammation/
child_page_137.pdf,https://www.1177.se/sjukdomar--besvar/hjarta-och-blodkarl/inflammation-och-infektion-i-hjartat/hjartmuskelinflammation/
child_page_138.pdf,https://www.1177.se/sjukdomar--besvar/hjarta-och-blodkarl/lymfkortlar/svullna-lymfkortlar/
child_page_139.pdf,https://www.1177.se/sjukdomar--besvar/hjarta-och-blodkarl/lymfkortlar/lymfodem/
child_page_140.pdf,https://www.1177.se/sjukdomar--besvar/hormoner/obesitas--fetma-och-overvikt/obesitas--fetma-och-overvikt-hos-vuxna/
child_page_141.pdf,https://www.1177.se/sjukdomar--besvar/hormoner/obesitas--fetma-och-overvikt/Obesitas-overvikt-och-fetma-hos-barn/
child_page_142.pdf,https://www.1177.se/sjukdomar--besvar/hormoner/skoldkorteln/hypertyreos--overskott-av-skoldkortelhormon/
child_page_143.pdf,https://www.1177.se/sjukdomar--besvar/hormoner/skoldkorteln/hypotyreos--brist-pa-skoldkortelhormon/
child_page_144.pdf,https://www.1177.se/sjukdomar--besvar/hormoner/skoldkorteln/medfodd-brist-pa-skoldkortelhormon/
child_page_145.pdf,https://www.1177.se/sjukdomar--besvar/hormoner/skoldkorteln/skoldkortelinflammation/
child_page_146.pdf,https://www.1177.se/sjukdomar--besvar/hormoner/skoldkorteln/struma--forstorad-skoldkortel/
child_page_147.pdf,https://www.1177.se/sjukdomar--besvar/hud-har-och-naglar/bolder-knolar-och-akne/akne/
child_page_148.pdf,https://www.1177.se/sjukdomar--besvar/hud-har-och-naglar/bolder-knolar-och-akne/fettknol/
child_page_149.pdf,https://www.1177.se/sjukdomar--besvar/hud-har-och-naglar/bolder-knolar-och-akne/knol-i-brostet/
child_page_150.pdf,https://www.1177.se/sjukdomar--besvar/hud-har-och-naglar/bolder-knolar-och-akne/perioral-dermatit/
child_page_151.pdf,https://www.1177.se/sjukdomar--besvar/hud-har-och-naglar/bolder-knolar-och-akne/pilonidalcysta/
child_page_152.pdf,https://www.1177.se/sjukdomar--besvar/hud-har-och-naglar/bolder-knolar-och-akne/rosacea/
child_page_153.pdf,https://www.1177.se/sjukdomar--besvar/hud-har-och-naglar/fodelsemarken-och-hudforandringar/lentigo-solaris--solflackar/
child_page_154.pdf,https://www.1177.se/sjukdomar--besvar/hud-har-och-naglar/fodelsemarken-och-hudforandringar/hemangiom-hos-barn/
child_page_155.pdf,https://www.1177.se/sjukdomar--besvar/hud-har-och-naglar/fodelsemarken-och-hudforandringar/godartade-hudforandringar/
child_page_156.pdf,https://www.1177.se/sjukdomar--besvar/hud-har-och-naglar/fodelsemarken-och-hudforandringar/fodelsemarken-leverflackar/
child_page_157.pdf,https://www.1177.se/sjukdomar--besvar/hud-har-och-naglar/fodelsemarken-och-hudforandringar/aktiniska-keratoser/
child_page_158.pdf,https://www.1177.se/sjukdomar--besvar/hud-har-och-naglar/forhardnader-och-sjalvsprickor/forhardnader-och-liktornar/
child_page_159.pdf,https://www.1177.se/sjukdomar--besvar/hud-har-och-naglar/forhardnader-och-sjalvsprickor/sjalvsprickor/
child_page_160.pdf,https://www.1177.se/sjukdomar--besvar/hud-har-och-naglar/harbotten-och-harsackar/vad-ar-folliculitis-decalvans/
child_page_161.pdf,https://www.1177.se/sjukdomar--besvar/hud-har-och-naglar/harbotten-och-harsackar/ringorm-och-harbottensvamp/
child_page_162.pdf,https://www.1177.se/sjukdomar--besvar/hud-har-och-naglar/harbotten-och-harsackar/mjalleksem---seborroiskt-eksem/
child_page_163.pdf,https://www.1177.se/sjukdomar--besvar/hud-har-och-naglar/harbotten-och-harsackar/mjall/
child_page_164.pdf,https://www.1177.se/sjukdomar--besvar/hud-har-och-naglar/harbotten-och-harsackar/harsacksinflammation/
child_page_165.pdf,https://www.1177.se/sjukdomar--besvar/hud-har-och-naglar/harbotten-och-harsackar/haravfall/
child_page_166.pdf,https://www.1177.se/sjukdomar--besvar/hud-har-och-naglar/harbotten-och-harsackar/huvudloss/
child_page_167.pdf,https://www.1177.se/sjukdomar--besvar/hud-har-och-naglar/infektioner-pa-huden/badhusfotter/
child_page_168.pdf,https://www.1177.se/sjukdomar--besvar/hud-har-och-naglar/infektioner-pa-huden/borrelia/
child_page_169.pdf,https://www.1177.se/sjukdomar--besvar/hud-har-och-naglar/infektioner-pa-huden/baltros/
child_page_170.pdf,https://www.1177.se/sjukdomar--besvar/hud-har-och-naglar/infektioner-pa-huden/femte-sjukan/
child_page_171.pdf,https://www.1177.se/sjukdomar--besvar/hud-har-och-naglar/infektioner-pa-huden/hpv-humant-papillomvirus/
child_page_172.pdf,https://www.1177.se/sjukdomar--besvar/hud-har-och-naglar/infektioner-pa-huden/hostblasor/
child_page_173.pdf,https://www.1177.se/sjukdomar--besvar/hud-har-och-naglar/infektioner-pa-huden/infektion-med-gula-stafylokocker/
child_page_174.pdf,https://www.1177.se/sjukdomar--besvar/hud-har-och-naglar/infektioner-pa-huden/mollusker/
child_page_175.pdf,https://www.1177.se/sjukdomar--besvar/hud-har-och-naglar/infektioner-pa-huden/mrsa--motstandskraftiga-gula-stafylokocker/
child_page_176.pdf,https://www.1177.se/sjukdomar--besvar/hud-har-och-naglar/infektioner-pa-huden/massling/
child_page_177.pdf,https://www.1177.se/sjukdomar--besvar/hud-har-och-naglar/infektioner-pa-huden/navelinfektion-hos-nyfodda/
child_page_178.pdf,https://www.1177.se/sjukdomar--besvar/hud-har-och-naglar/infektioner-pa-huden/rosfeber/
child_page_179.pdf,https://www.1177.se/sjukdomar--besvar/hud-har-och-naglar/infektioner-pa-huden/roda-hund/
child_page_180.pdf,https://www.1177.se/sjukdomar--besvar/hud-har-och-naglar/infektioner-pa-huden/svinkoppor---impetigo/
child_page_181.pdf,https://www.1177.se/sjukdomar--besvar/hud-har-och-naglar/infektioner-pa-huden/tredagarsfeber/
child_page_182.pdf,https://www.1177.se/sjukdomar--besvar/hud-har-och-naglar/infektioner-pa-huden/vattkoppor/
child_page_183.pdf,https://www.1177.se/sjukdomar--besvar/hud-har-och-naglar/klada-utslag-och-eksem/utslag-och-hudforandringar-hos-barn---bildguide/
child_page_184.pdf,https://www.1177.se/sjukdomar--besvar/hud-har-och-naglar/klada-utslag-och-eksem/klada-hos-barn/
child_page_185.pdf,https://www.1177.se/sjukdomar--besvar/hud-har-och-naglar/klada-utslag-och-eksem/atopiskt-eksem--bojveckseksem/
child_page_186.pdf,https://www.1177.se/sjukdomar--besvar/hud-har-och-naglar/klada-utslag-och-eksem/badklada/
child_page_187.pdf,https://www.1177.se/sjukdomar--besvar/hud-har-och-naglar/klada-utslag-och-eksem/eksem/
child_page_188.pdf,https://www.1177.se/sjukdomar--besvar/hud-har-och-naglar/klada-utslag-och-eksem/hormonplitor-hos-nyfodda/
child_page_189.pdf,https://www.1177.se/sjukdomar--besvar/hud-har-och-naglar/klada-utslag-och-eksem/skabb/
child_page_190.pdf,https://www.1177.se/sjukdomar--besvar/hud-har-och-naglar/klada-utslag-och-eksem/lichen-ruber-planus/
child_page_191.pdf,https://www.1177.se/sjukdomar--besvar/hud-har-och-naglar/klada-utslag-och-eksem/nasselutslag/
child_page_192.pdf,https://www.1177.se/sjukdomar--besvar/hud-har-och-naglar/klada-utslag-och-eksem/pityriasis-rosea--medaljongsjuka/
child_page_193.pdf,https://www.1177.se/sjukdomar--besvar/hud-har-och-naglar/klada-utslag-och-eksem/psoriasis/
child_page_194.pdf,https://www.1177.se/sjukdomar--besvar/hud-har-och-naglar/klada-utslag-och-eksem/skorv-och-seborroiskt-eksem-hos-barn/
child_page_195.pdf,https://www.1177.se/sjukdomar--besvar/hud-har-och-naglar/klada-utslag-och-eksem/torr-hud-och-klada/
child_page_196.pdf,https://www.1177.se/sjukdomar--besvar/hud-har-och-naglar/naglar/nageltrang/
child_page_197.pdf,https://www.1177.se/sjukdomar--besvar/hud-har-och-naglar/vartor-och-svamp/svampinfektioner/
child_page_198.pdf,https://www.1177.se/sjukdomar--besvar/hud-har-och-naglar/vartor-och-svamp/mjallvartor/
child_page_199.pdf,https://www.1177.se/sjukdomar--besvar/hud-har-och-naglar/vartor-och-svamp/vartor-pa-hander-och-fotter/
child_page_200.pdf,https://www.1177.se/sjukdomar--besvar/hud-har-och-naglar/vartor-och-svamp/pityriasis-versicolor/
child_page_201.pdf,https://www.1177.se/sjukdomar--besvar/hud-har-och-naglar/vartor-och-svamp/fotsvamp/
child_page_202.pdf,https://www.1177.se/sjukdomar--besvar/infektioner/feber/feber/
child_page_203.pdf,https://www.1177.se/sjukdomar--besvar/infektioner/feber/feber-hos-barn/
child_page_204.pdf,https://www.1177.se/sjukdomar--besvar/infektioner/feber/grupp-a-streptokocker/
child_page_205.pdf,https://www.1177.se/sjukdomar--besvar/infektioner/feber/sepsis---blodforgiftning/
child_page_206.pdf,https://www.1177.se/sjukdomar--besvar/infektioner/forkylning-och-influensa/nastappa-och-snuva/
child_page_207.pdf,https://www.1177.se/sjukdomar--besvar/infektioner/forkylning-och-influensa/influensa/
child_page_208.pdf,https://www.1177.se/sjukdomar--besvar/infektioner/forkylning-och-influensa/forkylning-hos-barn/
child_page_209.pdf,https://www.1177.se/sjukdomar--besvar/infektioner/forkylning-och-influensa/forkylning/
child_page_210.pdf,https://www.1177.se/sjukdomar--besvar/infektioner/forkylning-och-influensa/fagelinfluensa/
child_page_211.pdf,https://www.1177.se/sjukdomar--besvar/infektioner/forkylning-och-influensa/vad-ar-reyes-syndrom/
child_page_212.pdf,https://www.1177.se/sjukdomar--besvar/infektioner/ovanliga-infektioner/blasmasksjuka--infektion-med-dvargbandmask/
child_page_213.pdf,https://www.1177.se/sjukdomar--besvar/infektioner/ovanliga-infektioner/denguefeber/
child_page_214.pdf,https://www.1177.se/sjukdomar--besvar/infektioner/ovanliga-infektioner/difteri/
child_page_215.pdf,https://www.1177.se/sjukdomar--besvar/infektioner/ovanliga-infektioner/ebola/
child_page_216.pdf,https://www.1177.se/sjukdomar--besvar/infektioner/ovanliga-infektioner/gula-febern/
child_page_217.pdf,https://www.1177.se/sjukdomar--besvar/infektioner/ovanliga-infektioner/hiv-och-aids/
child_page_218.pdf,https://www.1177.se/sjukdomar--besvar/infektioner/ovanliga-infektioner/malaria/
child_page_219.pdf,https://www.1177.se/sjukdomar--besvar/infektioner/ovanliga-infektioner/mjaltbrand/
child_page_220.pdf,https://www.1177.se/sjukdomar--besvar/infektioner/ovanliga-infektioner/mpox/
child_page_221.pdf,https://www.1177.se/sjukdomar--besvar/infektioner/ovanliga-infektioner/rabies/
child_page_222.pdf,https://www.1177.se/sjukdomar--besvar/infektioner/ovanliga-infektioner/stelkramp/
child_page_223.pdf,https://www.1177.se/sjukdomar--besvar/infektioner/ovanliga-infektioner/toxic-shock-syndrome-tss/
child_page_224.pdf,https://www.1177.se/sjukdomar--besvar/infektioner/ovanliga-infektioner/toxoplasmainfektion---toxoplasmos/
child_page_225.pdf,https://www.1177.se/sjukdomar--besvar/infektioner/ovanliga-infektioner/tyfoidfeber/
child_page_226.pdf,https://www.1177.se/sjukdomar--besvar/infektioner/ovanliga-infektioner/harpest/
child_page_227.pdf,https://www.1177.se/sjukdomar--besvar/konsorgan/besvar-vid-sex/vaginism/
child_page_228.pdf,https://www.1177.se/sjukdomar--besvar/konsorgan/besvar-vid-sex/svart-att-fa-stand/
child_page_229.pdf,https://www.1177.se/sjukdomar--besvar/konsorgan/besvar-vid-sex/tidig-utlosning/
child_page_230.pdf,https://www.1177.se/sjukdomar--besvar/konsorgan/konssjukdomar/konssjukdomar---sexuellt-overforda-infektioner/
child_page_231.pdf,https://www.1177.se/sjukdomar--besvar/konsorgan/konssjukdomar/hepatit-b/
child_page_232.pdf,https://www.1177.se/sjukdomar--besvar/konsorgan/konssjukdomar/hiv-och-aids/
child_page_233.pdf,https://www.1177.se/sjukdomar--besvar/konsorgan/konssjukdomar/syfilis/
child_page_234.pdf,https://www.1177.se/sjukdomar--besvar/konsorgan/konssjukdomar/flatloss/
child_page_235.pdf,https://www.1177.se/sjukdomar--besvar/konsorgan/konssjukdomar/gonorre/
child_page_236.pdf,https://www.1177.se/sjukdomar--besvar/konsorgan/konssjukdomar/herpes-i-munnen/
child_page_237.pdf,https://www.1177.se/sjukdomar--besvar/konsorgan/konssjukdomar/herpes-i-underlivet/
child_page_238.pdf,https://www.1177.se/sjukdomar--besvar/konsorgan/konssjukdomar/hpv--humant-papillom-virus/
child_page_239.pdf,https://www.1177.se/sjukdomar--besvar/konsorgan/konssjukdomar/klamydia/
child_page_240.pdf,https://www.1177.se/sjukdomar--besvar/konsorgan/konssjukdomar/kondylom/
child_page_241.pdf,https://www.1177.se/sjukdomar--besvar/konsorgan/konssjukdomar/mykoplasma-i-underlivet/
child_page_242.pdf,https://www.1177.se/sjukdomar--besvar/konsorgan/konssjukdomar/skabb/
child_page_243.pdf,https://www.1177.se/sjukdomar--besvar/konsorgan/klada-och-smarta-i-underlivet/klada-i-underlivet/
child_page_244.pdf,https://www.1177.se/sjukdomar--besvar/konsorgan/klada-och-smarta-i-underlivet/bartolinit--infektion-i-slidoppningen/
child_page_245.pdf,https://www.1177.se/sjukdomar--besvar/konsorgan/klada-och-smarta-i-underlivet/endometrios/
child_page_246.pdf,https://www.1177.se/sjukdomar--besvar/konsorgan/klada-och-smarta-i-underlivet/lichen-sclerosus-et-atrophicus/
child_page_247.pdf,https://www.1177.se/sjukdomar--besvar/konsorgan/klada-och-smarta-i-underlivet/svamp-i-underlivet/
child_page_248.pdf,https://www.1177.se/sjukdomar--besvar/konsorgan/klada-och-smarta-i-underlivet/ont-i-slidoppningen/
child_page_249.pdf,https://www.1177.se/sjukdomar--besvar/konsorgan/livmoder-och-aggstockar/cellforandringar-i-livmoderhalsen/
child_page_250.pdf,https://www.1177.se/sjukdomar--besvar/konsorgan/livmoder-och-aggstockar/cystor-pa-aggstockarna/
child_page_251.pdf,https://www.1177.se/sjukdomar--besvar/konsorgan/livmoder-och-aggstockar/framfall/
child_page_252.pdf,https://www.1177.se/sjukdomar--besvar/konsorgan/livmoder-och-aggstockar/myom/
child_page_253.pdf,https://www.1177.se/sjukdomar--besvar/konsorgan/livmoder-och-aggstockar/polycystiskt-ovarialsyndrom--pcos/
child_page_254.pdf,https://www.1177.se/sjukdomar--besvar/konsorgan/livmoder-och-aggstockar/aggledarinflammation/
child_page_255.pdf,https://www.1177.se/sjukdomar--besvar/konsorgan/mens-blodningar-och-flytningar/mellanblodningar-och-blodblandade-flytningar/
child_page_256.pdf,https://www.1177.se/sjukdomar--besvar/konsorgan/mens-blodningar-och-flytningar/mensvark/
child_page_257.pdf,https://www.1177.se/sjukdomar--besvar/konsorgan/mens-blodningar-och-flytningar/riklig-mens/
child_page_258.pdf,https://www.1177.se/sjukdomar--besvar/konsorgan/mens-blodningar-och-flytningar/flytningar-fran-underlivet/
child_page_259.pdf,https://www.1177.se/sjukdomar--besvar/konsorgan/mens-blodningar-och-flytningar/bakteriell-vaginos--illaluktande-flytning-fran-slidan/
child_page_260.pdf,https://www.1177.se/sjukdomar--besvar/konsorgan/mens-blodningar-och-flytningar/oregelbunden-eller-utebliven-mens/
child_page_261.pdf,https://www.1177.se/sjukdomar--besvar/konsorgan/forhud/forhudsproblem/
child_page_262.pdf,https://www.1177.se/sjukdomar--besvar/konsorgan/forhud/forhudsinflammation-hos-barn---balanit/
child_page_263.pdf,https://www.1177.se/sjukdomar--besvar/konsorgan/forhud/trang-forhud-hos-barn/
child_page_264.pdf,https://www.1177.se/sjukdomar--besvar/konsorgan/prostata/akut-prostatit/
child_page_265.pdf,https://www.1177.se/sjukdomar--besvar/konsorgan/prostata/godartad-prostataforstoring/
child_page_266.pdf,https://www.1177.se/sjukdomar--besvar/konsorgan/prostata/kronisk-prostatit/
child_page_267.pdf,https://www.1177.se/sjukdomar--besvar/konsorgan/pung-och-testiklar/ont-i-pungen/
child_page_268.pdf,https://www.1177.se/sjukdomar--besvar/konsorgan/pung-och-testiklar/bitestikelinflammation/
child_page_269.pdf,https://www.1177.se/sjukdomar--besvar/konsorgan/pung-och-testiklar/svullen-pung/
child_page_270.pdf,https://www.1177.se/sjukdomar--besvar/konsorgan/pung-och-testiklar/testikel-som-inte-kommit-ner-i-pungen/
child_page_271.pdf,https://www.1177.se/sjukdomar--besvar/konsorgan/pung-och-testiklar/testikelinflammation/
child_page_272.pdf,https://www.1177.se/sjukdomar--besvar/konsorgan/pung-och-testiklar/testikelvridning/
child_page_273.pdf,https://www.1177.se/sjukdomar--besvar/konsorgan/pung-och-testiklar/vattenbrack-hos-barn/
child_page_274.pdf,https://www.1177.se/sjukdomar--besvar/lungor-och-luftvagar/andningssvarigheter-och-andningsuppehall/andningsstorningar-under-somnen-hos-barn/
child_page_275.pdf,https://www.1177.se/sjukdomar--besvar/lungor-och-luftvagar/andningssvarigheter-och-andningsuppehall/astma/
child_page_276.pdf,https://www.1177.se/sjukdomar--besvar/lungor-och-luftvagar/andningssvarigheter-och-andningsuppehall/astma-hos-barn/
child_page_277.pdf,https://www.1177.se/sjukdomar--besvar/lungor-och-luftvagar/andningssvarigheter-och-andningsuppehall/lungemfysem/
child_page_278.pdf,https://www.1177.se/sjukdomar--besvar/lungor-och-luftvagar/andningssvarigheter-och-andningsuppehall/lungfibros--restriktiv-lungsjukdom/
child_page_279.pdf,https://www.1177.se/sjukdomar--besvar/lungor-och-luftvagar/andningssvarigheter-och-andningsuppehall/lungkollaps---pneumothorax/
child_page_280.pdf,https://www.1177.se/sjukdomar--besvar/lungor-och-luftvagar/andningssvarigheter-och-andningsuppehall/nar-barn-har-svart-att-andas/
child_page_281.pdf,https://www.1177.se/sjukdomar--besvar/lungor-och-luftvagar/andningssvarigheter-och-andningsuppehall/obstruktiv-somnapne/
child_page_282.pdf,https://www.1177.se/sjukdomar--besvar/lungor-och-luftvagar/andningssvarigheter-och-andningsuppehall/om-kol/
child_page_283.pdf,https://www.1177.se/sjukdomar--besvar/lungor-och-luftvagar/andningssvarigheter-och-andningsuppehall/snarkning/
child_page_284.pdf,https://www.1177.se/sjukdomar--besvar/lungor-och-luftvagar/andningssvarigheter-och-andningsuppehall/sa-kan-du-andas-lattare-vid-lungsjukdom/
child_page_285.pdf,https://www.1177.se/sjukdomar--besvar/lungor-och-luftvagar/hosta-och-slem-i-luftvagarna/hosta/
child_page_286.pdf,https://www.1177.se/sjukdomar--besvar/lungor-och-luftvagar/hosta-och-slem-i-luftvagarna/hosta-hos-barn/
child_page_287.pdf,https://www.1177.se/sjukdomar--besvar/lungor-och-luftvagar/hosta-och-slem-i-luftvagarna/kikhosta/
child_page_288.pdf,https://www.1177.se/sjukdomar--besvar/lungor-och-luftvagar/hosta-och-slem-i-luftvagarna/bronkiektasier--forstorade-luftror/
child_page_289.pdf,https://www.1177.se/sjukdomar--besvar/lungor-och-luftvagar/hosta-och-slem-i-luftvagarna/cystisk-fibros/
child_page_290.pdf,https://www.1177.se/sjukdomar--besvar/lungor-och-luftvagar/inflammation-och-infektion-ilungor-och-luftror/om-covid-19--coronavirus/
child_page_291.pdf,https://www.1177.se/sjukdomar--besvar/lungor-och-luftvagar/inflammation-och-infektion-ilungor-och-luftror/legionella/
child_page_292.pdf,https://www.1177.se/sjukdomar--besvar/lungor-och-luftvagar/inflammation-och-infektion-ilungor-och-luftror/luftrorskatarr/
child_page_293.pdf,https://www.1177.se/sjukdomar--besvar/lungor-och-luftvagar/inflammation-och-infektion-ilungor-och-luftror/luftrorskatarr-hos-barn-under-tva-ar---obstruktiv-bronkit/
child_page_294.pdf,https://www.1177.se/sjukdomar--besvar/lungor-och-luftvagar/inflammation-och-infektion-ilungor-och-luftror/lunginflammation/
child_page_295.pdf,https://www.1177.se/sjukdomar--besvar/lungor-och-luftvagar/inflammation-och-infektion-ilungor-och-luftror/lungsacksinflammation/
child_page_296.pdf,https://www.1177.se/sjukdomar--besvar/lungor-och-luftvagar/inflammation-och-infektion-ilungor-och-luftror/rs-virus-hos-barn/
child_page_297.pdf,https://www.1177.se/sjukdomar--besvar/lungor-och-luftvagar/inflammation-och-infektion-ilungor-och-luftror/sarkoidos/
child_page_298.pdf,https://www.1177.se/sjukdomar--besvar/lungor-och-luftvagar/inflammation-och-infektion-ilungor-och-luftror/tuberkulos--tbc/
child_page_299.pdf,https://www.1177.se/sjukdomar--besvar/mage-och-tarm/diarre-forstoppning-och-blod-i-avforingen/blod-i-avforingen-hos-vuxna/
child_page_300.pdf,https://www.1177.se/sjukdomar--besvar/mage-och-tarm/diarre-forstoppning-och-blod-i-avforingen/blod-i-bajset-hos-barn/
child_page_301.pdf,https://www.1177.se/sjukdomar--besvar/mage-och-tarm/diarre-forstoppning-och-blod-i-avforingen/diarre-hos-barn/
child_page_302.pdf,https://www.1177.se/sjukdomar--besvar/mage-och-tarm/diarre-forstoppning-och-blod-i-avforingen/forstoppning/
child_page_303.pdf,https://www.1177.se/sjukdomar--besvar/mage-och-tarm/diarre-forstoppning-och-blod-i-avforingen/forstoppning-hos-barn/
child_page_304.pdf,https://www.1177.se/sjukdomar--besvar/mage-och-tarm/diarre-forstoppning-och-blod-i-avforingen/gasbesvar/
child_page_305.pdf,https://www.1177.se/sjukdomar--besvar/mage-och-tarm/diarre-forstoppning-och-blod-i-avforingen/langvarig-diarre/
child_page_306.pdf,https://www.1177.se/sjukdomar--besvar/mage-och-tarm/infektioner-i-mage-och-tarmar/amobainfektion/
child_page_307.pdf,https://www.1177.se/sjukdomar--besvar/mage-och-tarm/infektioner-i-mage-och-tarmar/dysenteri--shigella/
child_page_308.pdf,https://www.1177.se/sjukdomar--besvar/mage-och-tarm/infektioner-i-mage-och-tarmar/kolera/
child_page_309.pdf,https://www.1177.se/sjukdomar--besvar/mage-och-tarm/infektioner-i-mage-och-tarmar/salmonella/
child_page_310.pdf,https://www.1177.se/sjukdomar--besvar/mage-och-tarm/infektioner-i-mage-och-tarmar/turistdiarre/
child_page_311.pdf,https://www.1177.se/sjukdomar--besvar/mage-och-tarm/infektioner-i-mage-och-tarmar/vinterkraksjuka--calicivirus/
child_page_312.pdf,https://www.1177.se/sjukdomar--besvar/mage-och-tarm/lever-galla-och-bukspottkortel/gallsten/
child_page_313.pdf,https://www.1177.se/sjukdomar--besvar/mage-och-tarm/lever-galla-och-bukspottkortel/hepatit-a/
child_page_314.pdf,https://www.1177.se/sjukdomar--besvar/mage-och-tarm/lever-galla-och-bukspottkortel/hepatit-b/
child_page_315.pdf,https://www.1177.se/sjukdomar--besvar/mage-och-tarm/lever-galla-och-bukspottkortel/hepatit-c/
child_page_316.pdf,https://www.1177.se/sjukdomar--besvar/mage-och-tarm/lever-galla-och-bukspottkortel/inflammation-i-bukspottkorteln/
child_page_317.pdf,https://www.1177.se/sjukdomar--besvar/mage-och-tarm/lever-galla-och-bukspottkortel/levercirros--skrumplever/
child_page_318.pdf,https://www.1177.se/sjukdomar--besvar/mage-och-tarm/magsjuka-och-krakningar/magsjuka--diarre-och-krakningar/
child_page_319.pdf,https://www.1177.se/sjukdomar--besvar/mage-och-tarm/magsjuka-och-krakningar/magsjuka-hos-sma-barn/
child_page_320.pdf,https://www.1177.se/sjukdomar--besvar/mage-och-tarm/magsjuka-och-krakningar/uttorkning/
child_page_321.pdf,https://www.1177.se/sjukdomar--besvar/mage-och-tarm/magsjuka-och-krakningar/vatskebrist-och-uttorkning-hos-barn/
child_page_322.pdf,https://www.1177.se/sjukdomar--besvar/mage-och-tarm/magsack-och-matstrupe/dyspepsi--kanslig-mage/
child_page_323.pdf,https://www.1177.se/sjukdomar--besvar/mage-och-tarm/magsack-och-matstrupe/halsbranna--magsaftsreflux/
child_page_324.pdf,https://www.1177.se/sjukdomar--besvar/mage-och-tarm/magsack-och-matstrupe/hicka/
child_page_325.pdf,https://www.1177.se/sjukdomar--besvar/mage-och-tarm/magsack-och-matstrupe/magsaftsreflux-hos-barn/
child_page_326.pdf,https://www.1177.se/sjukdomar--besvar/mage-och-tarm/magsack-och-matstrupe/magsar/
child_page_327.pdf,https://www.1177.se/sjukdomar--besvar/mage-och-tarm/magsack-och-matstrupe/ont-i-magen-hos-barn/
child_page_328.pdf,https://www.1177.se/sjukdomar--besvar/mage-och-tarm/magsack-och-matstrupe/ont-i-magen-hos-vuxna/
child_page_329.pdf,https://www.1177.se/sjukdomar--besvar/mage-och-tarm/magsack-och-matstrupe/pylorusstenos---fortrangning-av-nedre-magmunnen/
child_page_330.pdf,https://www.1177.se/sjukdomar--besvar/mage-och-tarm/tarmbesvar/blindtarmsinflammation/
child_page_331.pdf,https://www.1177.se/sjukdomar--besvar/mage-och-tarm/tarmbesvar/ibs--kanslig-tarm/
child_page_332.pdf,https://www.1177.se/sjukdomar--besvar/mage-och-tarm/tarmbesvar/inflammerade-tarmfickor/
child_page_333.pdf,https://www.1177.se/sjukdomar--besvar/mage-och-tarm/tarmbesvar/invagination-hos-barn/
child_page_334.pdf,https://www.1177.se/sjukdomar--besvar/mage-och-tarm/tarmbesvar/kortelmage-hos-barn/
child_page_335.pdf,https://www.1177.se/sjukdomar--besvar/mage-och-tarm/tarmbesvar/ljumskbrack/
child_page_336.pdf,https://www.1177.se/sjukdomar--besvar/mage-och-tarm/tarmbesvar/navelbrack/
child_page_337.pdf,https://www.1177.se/sjukdomar--besvar/mage-och-tarm/tarmbesvar/nar-barn-bajsar-pa-sig/
child_page_338.pdf,https://www.1177.se/sjukdomar--besvar/mage-och-tarm/tarmbesvar/spolmask/
child_page_339.pdf,https://www.1177.se/sjukdomar--besvar/mage-och-tarm/tarmbesvar/tarmvred/
child_page_340.pdf,https://www.1177.se/sjukdomar--besvar/mage-och-tarm/tarmsjukdomar/crohns-sjukdom/
child_page_341.pdf,https://www.1177.se/sjukdomar--besvar/mage-och-tarm/tarmsjukdomar/mikroskopisk-kolit/
child_page_342.pdf,https://www.1177.se/sjukdomar--besvar/mage-och-tarm/tarmsjukdomar/ulceros-kolit/
child_page_343.pdf,https://www.1177.se/sjukdomar--besvar/mage-och-tarm/tarmsjukdomar/hirschsprungs-sjukdom/
child_page_344.pdf,https://www.1177.se/sjukdomar--besvar/mage-och-tarm/andtarmsoppning/analfissur--spricka-i-andtarmens-oppning/
child_page_345.pdf,https://www.1177.se/sjukdomar--besvar/mage-och-tarm/andtarmsoppning/avforingsinkontinens/
child_page_346.pdf,https://www.1177.se/sjukdomar--besvar/mage-och-tarm/andtarmsoppning/bolder-och-fistlar-runt-andtarmsoppningen/
child_page_347.pdf,https://www.1177.se/sjukdomar--besvar/mage-och-tarm/andtarmsoppning/hemorrojder/
child_page_348.pdf,https://www.1177.se/sjukdomar--besvar/mage-och-tarm/andtarmsoppning/klada-i-andtarmsoppningen/
child_page_349.pdf,https://www.1177.se/sjukdomar--besvar/mage-och-tarm/andtarmsoppning/smarta-i-andtarmsoppningen/
child_page_350.pdf,https://www.1177.se/sjukdomar--besvar/mage-och-tarm/andtarmsoppning/springmask/
child_page_351.pdf,https://www.1177.se/sjukdomar--besvar/mun-och-tander/mun-lappar-och-tunga/blasor-och-sar-i-munnen/
child_page_352.pdf,https://www.1177.se/sjukdomar--besvar/mun-och-tander/mun-lappar-och-tunga/dalig-andedrakt/
child_page_353.pdf,https://www.1177.se/sjukdomar--besvar/mun-och-tander/mun-lappar-och-tunga/lappspalt-kakspalt-gomspalt---lkg-spalt/
child_page_354.pdf,https://www.1177.se/sjukdomar--besvar/mun-och-tander/mun-lappar-och-tunga/munsar--herpes-runt-munnen/
child_page_355.pdf,https://www.1177.se/sjukdomar--besvar/mun-och-tander/mun-lappar-och-tunga/muntorrhet/
child_page_356.pdf,https://www.1177.se/sjukdomar--besvar/mun-och-tander/mun-lappar-och-tunga/ont-i-munnen-hos-barn/
child_page_357.pdf,https://www.1177.se/sjukdomar--besvar/mun-och-tander/mun-lappar-och-tunga/svampinfektion-i-munnen-hos-sma-barn/
child_page_358.pdf,https://www.1177.se/sjukdomar--besvar/mun-och-tander/tander/tandsten/
child_page_359.pdf,https://www.1177.se/sjukdomar--besvar/mun-och-tander/tander/gnissla-och-pressa-tander/
child_page_360.pdf,https://www.1177.se/sjukdomar--besvar/mun-och-tander/tander/hal-i-mjolktanderna--karies-hos-barn/
child_page_361.pdf,https://www.1177.se/sjukdomar--besvar/mun-och-tander/tander/hal-i-tanderna--karies/
child_page_362.pdf,https://www.1177.se/sjukdomar--besvar/mun-och-tander/tander/ilningar-i-tanderna/
child_page_363.pdf,https://www.1177.se/sjukdomar--besvar/mun-och-tander/tander/nar-barn-biter/
child_page_364.pdf,https://www.1177.se/sjukdomar--besvar/mun-och-tander/tander/spottkortelsten/
child_page_365.pdf,https://www.1177.se/sjukdomar--besvar/mun-och-tander/tander/tandlossning/
child_page_366.pdf,https://www.1177.se/sjukdomar--besvar/mun-och-tander/tander/tandvark/
child_page_367.pdf,https://www.1177.se/sjukdomar--besvar/mun-och-tander/tander/visdomstander-som-ger-problem/
child_page_368.pdf,https://www.1177.se/sjukdomar--besvar/mun-och-tander/tander/skador-pa-tander/
child_page_369.pdf,https://www.1177.se/sjukdomar--besvar/njurar-och-urinvagar/infektioner-i-njurar-och-urinvagar/urinvagsinfektion-hos-kvinnor/
child_page_370.pdf,https://www.1177.se/sjukdomar--besvar/njurar-och-urinvagar/infektioner-i-njurar-och-urinvagar/urinvagsinfektion-hos-barn/
child_page_371.pdf,https://www.1177.se/sjukdomar--besvar/njurar-och-urinvagar/infektioner-i-njurar-och-urinvagar/urinvagsinfektion-hos-man/
child_page_372.pdf,https://www.1177.se/sjukdomar--besvar/njurar-och-urinvagar/infektioner-i-njurar-och-urinvagar/sorkfeber/
child_page_373.pdf,https://www.1177.se/sjukdomar--besvar/psykiska-sjukdomar-och-besvar/att-skada-sig-sjalv/att-skada-sig-sjalv/
child_page_374.pdf,https://www.1177.se/sjukdomar--besvar/psykiska-sjukdomar-och-besvar/att-skada-sig-sjalv/att-vara-foralder-eller-narstaende-till-nagon-som-skadar-sig-sjalv/
child_page_375.pdf,https://www.1177.se/sjukdomar--besvar/psykiska-sjukdomar-och-besvar/beroende-och-skadligt-bruk/alkoholberoende/
child_page_376.pdf,https://www.1177.se/sjukdomar--besvar/psykiska-sjukdomar-och-besvar/beroende-och-skadligt-bruk/anabola-androgena-steroider/
child_page_377.pdf,https://www.1177.se/sjukdomar--besvar/psykiska-sjukdomar-och-besvar/beroende-och-skadligt-bruk/beroende-av-droger/
child_page_378.pdf,https://www.1177.se/sjukdomar--besvar/psykiska-sjukdomar-och-besvar/beroende-och-skadligt-bruk/hasardspelsyndrom--spelberoende/
child_page_379.pdf,https://www.1177.se/sjukdomar--besvar/psykiska-sjukdomar-och-besvar/beroende-och-skadligt-bruk/ar-det-farligt-att-anvanda-lustgas-for-att-bli-berusad/
child_page_380.pdf,https://www.1177.se/sjukdomar--besvar/psykiska-sjukdomar-och-besvar/depression/depression-i-samband-med-att-du-far-barn/
child_page_381.pdf,https://www.1177.se/sjukdomar--besvar/psykiska-sjukdomar-och-besvar/depression/depression-hos-barn-och-tonaringar/
child_page_382.pdf,https://www.1177.se/sjukdomar--besvar/psykiska-sjukdomar-och-besvar/depression/depression/
child_page_383.pdf,https://www.1177.se/sjukdomar--besvar/psykiska-sjukdomar-och-besvar/depression/bipolar-sjukdom/
child_page_384.pdf,https://www.1177.se/sjukdomar--besvar/psykiska-sjukdomar-och-besvar/psykos-och-vanforestallningar/att-vara-narstaende-till-nagon-som-har-en-psykossjukdom/
child_page_385.pdf,https://www.1177.se/sjukdomar--besvar/psykiska-sjukdomar-och-besvar/psykos-och-vanforestallningar/psykos-och-psykossjukdomar/
child_page_386.pdf,https://www.1177.se/sjukdomar--besvar/psykiska-sjukdomar-och-besvar/sjalvmordstankar/hur-kan-du-hjalpa-en-person-som-har-sjalvmordstankar/
child_page_387.pdf,https://www.1177.se/sjukdomar--besvar/psykiska-sjukdomar-och-besvar/sjalvmordstankar/till-dig-som-har-sjalvmordstankar/
child_page_388.pdf,https://www.1177.se/sjukdomar--besvar/psykiska-sjukdomar-och-besvar/angest/angest--starka-kanslor-av-oro/
child_page_389.pdf,https://www.1177.se/sjukdomar--besvar/psykiska-sjukdomar-och-besvar/angest/angest-och-fobier-hos-barn-och-tonaringar/
child_page_390.pdf,https://www.1177.se/sjukdomar--besvar/psykiska-sjukdomar-och-besvar/angest/dysmorfofobi--bdd/
child_page_391.pdf,https://www.1177.se/sjukdomar--besvar/psykiska-sjukdomar-och-besvar/angest/emotionellt-instabilt-personlighetssyndrom--borderline-personlighetssyndrom/
child_page_392.pdf,https://www.1177.se/sjukdomar--besvar/psykiska-sjukdomar-och-besvar/angest/fobier/
child_page_393.pdf,https://www.1177.se/sjukdomar--besvar/psykiska-sjukdomar-och-besvar/angest/generaliserat-angestsyndrom---gad/
child_page_394.pdf,https://www.1177.se/sjukdomar--besvar/psykiska-sjukdomar-och-besvar/angest/ocd--tvangssyndrom/
child_page_395.pdf,https://www.1177.se/sjukdomar--besvar/psykiska-sjukdomar-och-besvar/angest/ocd--tvangssyndrom-hos-barn-och-tonaringar/
child_page_396.pdf,https://www.1177.se/sjukdomar--besvar/psykiska-sjukdomar-och-besvar/angest/paniksyndrom/
child_page_397.pdf,https://www.1177.se/sjukdomar--besvar/psykiska-sjukdomar-och-besvar/angest/posttraumatiskt-stressyndrom-hos-barn-och-tonaringar/
child_page_398.pdf,https://www.1177.se/sjukdomar--besvar/psykiska-sjukdomar-och-besvar/angest/posttraumatiskt-stressyndrom-ptsd/
child_page_399.pdf,https://www.1177.se/sjukdomar--besvar/psykiska-sjukdomar-och-besvar/angest/social-angest/
child_page_400.pdf,https://www.1177.se/sjukdomar--besvar/psykiska-sjukdomar-och-besvar/angest/tandvardsradsla/
child_page_401.pdf,https://www.1177.se/sjukdomar--besvar/psykiska-sjukdomar-och-besvar/angest/filmer-om-angest/
child_page_402.pdf,https://www.1177.se/sjukdomar--besvar/psykiska-sjukdomar-och-besvar/atstorningar/anorexi/
child_page_403.pdf,https://www.1177.se/sjukdomar--besvar/psykiska-sjukdomar-och-besvar/atstorningar/att-vara-narstaende-till-nagon-som-har-en-atstorning/
child_page_404.pdf,https://www.1177.se/sjukdomar--besvar/psykiska-sjukdomar-och-besvar/atstorningar/bulimi/
child_page_405.pdf,https://www.1177.se/sjukdomar--besvar/psykiska-sjukdomar-och-besvar/atstorningar/hetsatningsstorning/
child_page_406.pdf,https://www.1177.se/sjukdomar--besvar/psykiska-sjukdomar-och-besvar/atstorningar/atstorningar/
child_page_407.pdf,https://www.1177.se/sjukdomar--besvar/skelett-leder-och-muskler/armar-och-hander/de-quervains-syndrom/
child_page_408.pdf,https://www.1177.se/sjukdomar--besvar/skelett-leder-och-muskler/armar-och-hander/dupuytrens-kontraktur/
child_page_409.pdf,https://www.1177.se/sjukdomar--besvar/skelett-leder-och-muskler/armar-och-hander/dysmeli/
child_page_410.pdf,https://www.1177.se/sjukdomar--besvar/skelett-leder-och-muskler/armar-och-hander/fingrar-och-tar-som-inte-ar-separerade---syndaktyli/
child_page_411.pdf,https://www.1177.se/sjukdomar--besvar/skelett-leder-och-muskler/armar-och-hander/ganglion--senknuta/
child_page_412.pdf,https://www.1177.se/sjukdomar--besvar/skelett-leder-och-muskler/armar-och-hander/karpaltunnelsyndrom/
child_page_413.pdf,https://www.1177.se/sjukdomar--besvar/skelett-leder-och-muskler/armar-och-hander/plexusskada-hos-nyfodda-barn/
child_page_414.pdf,https://www.1177.se/sjukdomar--besvar/skelett-leder-och-muskler/armar-och-hander/triggerfinger-hos-barn/
child_page_415.pdf,https://www.1177.se/sjukdomar--besvar/skelett-leder-och-muskler/ben-och-fotter/benhinneinflammation/
child_page_416.pdf,https://www.1177.se/sjukdomar--besvar/skelett-leder-och-muskler/ben-och-fotter/fotbesvar-hos-barn/
child_page_417.pdf,https://www.1177.se/sjukdomar--besvar/skelett-leder-och-muskler/ben-och-fotter/hallux-valgus--snedstalld-storta/
child_page_418.pdf,https://www.1177.se/sjukdomar--besvar/skelett-leder-och-muskler/ben-och-fotter/hammarta/
child_page_419.pdf,https://www.1177.se/sjukdomar--besvar/skelett-leder-och-muskler/ben-och-fotter/halseneinflammation/
child_page_420.pdf,https://www.1177.se/sjukdomar--besvar/skelett-leder-och-muskler/ben-och-fotter/halsporre---ont-under-halen/
child_page_421.pdf,https://www.1177.se/sjukdomar--besvar/skelett-leder-och-muskler/ben-och-fotter/inatvridna-och-utatvridna-fotter/
child_page_422.pdf,https://www.1177.se/sjukdomar--besvar/skelett-leder-och-muskler/ben-och-fotter/klumpfot-peva/
child_page_423.pdf,https://www.1177.se/sjukdomar--besvar/skelett-leder-och-muskler/ben-och-fotter/mortons-sjukdom--ont-i-framfoten/
child_page_424.pdf,https://www.1177.se/sjukdomar--besvar/skelett-leder-och-muskler/ben-och-fotter/olika-langa-ben-hos-barn/
child_page_425.pdf,https://www.1177.se/sjukdomar--besvar/skelett-leder-och-muskler/ben-och-fotter/ont-i-halen/
child_page_426.pdf,https://www.1177.se/sjukdomar--besvar/skelett-leder-och-muskler/ben-och-fotter/schlatters-sjukdom/
child_page_427.pdf,https://www.1177.se/sjukdomar--besvar/skelett-leder-och-muskler/ben-och-fotter/tagang-hos-barn/
child_page_428.pdf,https://www.1177.se/sjukdomar--besvar/skelett-leder-och-muskler/ben-och-fotter/willis-ekboms-sjukdom---restless-legs/
child_page_429.pdf,https://www.1177.se/sjukdomar--besvar/skelett-leder-och-muskler/hofter/hoftledsluxation-hos-nyfodda/
child_page_430.pdf,https://www.1177.se/sjukdomar--besvar/skelett-leder-och-muskler/hofter/hoftbesvar-hos-barn/
child_page_431.pdf,https://www.1177.se/sjukdomar--besvar/skelett-leder-och-muskler/hofter/axial-spondylartrit/
child_page_432.pdf,https://www.1177.se/sjukdomar--besvar/skelett-leder-och-muskler/infektioner-i-skelett-leder-och-muskler/skelettinfektion-hos-barn/
child_page_433.pdf,https://www.1177.se/sjukdomar--besvar/skelett-leder-och-muskler/leder/artros---ledsvikt/
child_page_434.pdf,https://www.1177.se/sjukdomar--besvar/skelett-leder-och-muskler/leder/artros-i-hand-och-fingrar/
child_page_435.pdf,https://www.1177.se/sjukdomar--besvar/skelett-leder-och-muskler/leder/bakercysta--svullnad-i-knavecket/
child_page_436.pdf,https://www.1177.se/sjukdomar--besvar/skelett-leder-och-muskler/leder/barnreumatism---jia/
child_page_437.pdf,https://www.1177.se/sjukdomar--besvar/skelett-leder-och-muskler/leder/bursit---slemsacksinflammation/
child_page_438.pdf,https://www.1177.se/sjukdomar--besvar/skelett-leder-och-muskler/leder/ehlers-danlos-syndrom/
child_page_439.pdf,https://www.1177.se/sjukdomar--besvar/skelett-leder-och-muskler/leder/frusen-skuldra---frusen-axel/
child_page_440.pdf,https://www.1177.se/sjukdomar--besvar/skelett-leder-och-muskler/leder/gikt/
child_page_441.pdf,https://www.1177.se/sjukdomar--besvar/skelett-leder-och-muskler/leder/hoftledsartros/
child_page_442.pdf,https://www.1177.se/sjukdomar--besvar/skelett-leder-och-muskler/leder/knabesvar-hos-barn-och-tonaringar/
child_page_443.pdf,https://www.1177.se/sjukdomar--besvar/skelett-leder-och-muskler/leder/knaledsartros/
child_page_444.pdf,https://www.1177.se/sjukdomar--besvar/skelett-leder-och-muskler/leder/ledvark/
child_page_445.pdf,https://www.1177.se/sjukdomar--besvar/skelett-leder-och-muskler/leder/loparkna/
child_page_446.pdf,https://www.1177.se/sjukdomar--besvar/skelett-leder-och-muskler/leder/psoriasisartrit/
child_page_447.pdf,https://www.1177.se/sjukdomar--besvar/skelett-leder-och-muskler/leder/ledgangsreumatism---ra/
child_page_448.pdf,https://www.1177.se/sjukdomar--besvar/skelett-leder-och-muskler/leder/sle/
child_page_449.pdf,https://www.1177.se/sjukdomar--besvar/skelett-leder-och-muskler/muskler/traningsvark/
child_page_450.pdf,https://www.1177.se/sjukdomar--besvar/skelett-leder-och-muskler/muskler/tennisarmbage/
child_page_451.pdf,https://www.1177.se/sjukdomar--besvar/skelett-leder-och-muskler/muskler/muskelreumatism/
child_page_452.pdf,https://www.1177.se/sjukdomar--besvar/skelett-leder-och-muskler/muskler/muskelkramp---sendrag/
child_page_453.pdf,https://www.1177.se/sjukdomar--besvar/skelett-leder-och-muskler/muskler/kompartmentsyndrom/
child_page_454.pdf,https://www.1177.se/sjukdomar--besvar/skelett-leder-och-muskler/muskler/fibromyalgi/
child_page_455.pdf,https://www.1177.se/sjukdomar--besvar/skelett-leder-och-muskler/rygg-och-nacke/spinal-stenos/
child_page_456.pdf,https://www.1177.se/sjukdomar--besvar/skelett-leder-och-muskler/rygg-och-nacke/skolios/
child_page_457.pdf,https://www.1177.se/sjukdomar--besvar/skelett-leder-och-muskler/rygg-och-nacke/ryggbesvar-hos-barn/
child_page_458.pdf,https://www.1177.se/sjukdomar--besvar/skelett-leder-och-muskler/rygg-och-nacke/pisksnartsskada--whiplashskada/
child_page_459.pdf,https://www.1177.se/sjukdomar--besvar/skelett-leder-och-muskler/rygg-och-nacke/ont-i-ryggen/
child_page_460.pdf,https://www.1177.se/sjukdomar--besvar/skelett-leder-och-muskler/rygg-och-nacke/ont-i-nacke-och-axlar/
child_page_461.pdf,https://www.1177.se/sjukdomar--besvar/skelett-leder-och-muskler/rygg-och-nacke/nacksparr/
child_page_462.pdf,https://www.1177.se/sjukdomar--besvar/skelett-leder-och-muskler/rygg-och-nacke/kotkompression/
child_page_463.pdf,https://www.1177.se/sjukdomar--besvar/skelett-leder-och-muskler/rygg-och-nacke/diskbrack/
child_page_464.pdf,https://www.1177.se/sjukdomar--besvar/ogon-oron-nasa-och-hals/infektioner-i-ogon-oron-nasa-och-hals/scharlakansfeber/
child_page_465.pdf,https://www.1177.se/sjukdomar--besvar/ogon-oron-nasa-och-hals/infektioner-i-ogon-oron-nasa-och-hals/passjuka/
child_page_466.pdf,https://www.1177.se/sjukdomar--besvar/ogon-oron-nasa-och-hals/infektioner-i-ogon-oron-nasa-och-hals/kortelfeber/
child_page_467.pdf,https://www.1177.se/sjukdomar--besvar/ogon-oron-nasa-och-hals/infektioner-i-ogon-oron-nasa-och-hals/bihaleinflammation/
child_page_468.pdf,https://www.1177.se/sjukdomar--besvar/ogon-oron-nasa-och-hals/hals/svart-att-svalja--dysfagi/
child_page_469.pdf,https://www.1177.se/sjukdomar--besvar/ogon-oron-nasa-och-hals/hals/ont-i-halsen/
child_page_470.pdf,https://www.1177.se/sjukdomar--besvar/ogon-oron-nasa-och-hals/hals/halsfluss/
child_page_471.pdf,https://www.1177.se/sjukdomar--besvar/ogon-oron-nasa-och-hals/hals/forstorade-halsmandlar-hos-barn/
child_page_472.pdf,https://www.1177.se/sjukdomar--besvar/ogon-oron-nasa-och-hals/rost-och-tal/dysartri--svart-att-prata/
child_page_473.pdf,https://www.1177.se/sjukdomar--besvar/ogon-oron-nasa-och-hals/rost-och-tal/forlamning-av-stambanden/
child_page_474.pdf,https://www.1177.se/sjukdomar--besvar/ogon-oron-nasa-och-hals/rost-och-tal/stamning-hos-barn/
child_page_475.pdf,https://www.1177.se/sjukdomar--besvar/ogon-oron-nasa-och-hals/rost-och-tal/heshet/
child_page_476.pdf,https://www.1177.se/sjukdomar--besvar/ogon-oron-nasa-och-hals/rost-och-tal/afasi/
child_page_477.pdf,https://www.1177.se/sjukdomar--besvar/ogon-oron-nasa-och-hals/horsel/tinnitus/
child_page_478.pdf,https://www.1177.se/sjukdomar--besvar/ogon-oron-nasa-och-hals/horsel/plotslig-horselnedsattning--sudden-deafness/
child_page_479.pdf,https://www.1177.se/sjukdomar--besvar/ogon-oron-nasa-och-hals/horsel/nedsatt-horsel/
child_page_480.pdf,https://www.1177.se/sjukdomar--besvar/ogon-oron-nasa-och-hals/ogonbesvar/torra-ogon/
child_page_481.pdf,https://www.1177.se/sjukdomar--besvar/ogon-oron-nasa-och-hals/ogonbesvar/ogoninflammation/
child_page_482.pdf,https://www.1177.se/sjukdomar--besvar/ogon-oron-nasa-och-hals/ogonbesvar/vagel-i-ogat/
child_page_483.pdf,https://www.1177.se/sjukdomar--besvar/ogon-oron-nasa-och-hals/ogonbesvar/ogonskada-av-starkt-ljus/
child_page_484.pdf,https://www.1177.se/sjukdomar--besvar/ogon-oron-nasa-och-hals/ogonbesvar/sjogrens-syndrom/
child_page_485.pdf,https://www.1177.se/sjukdomar--besvar/ogon-oron-nasa-och-hals/ogonbesvar/roda-ogon/
child_page_486.pdf,https://www.1177.se/sjukdomar--besvar/ogon-oron-nasa-och-hals/syn/akut-glaukom/
child_page_487.pdf,https://www.1177.se/sjukdomar--besvar/ogon-oron-nasa-och-hals/syn/diabetesretinopati/
child_page_488.pdf,https://www.1177.se/sjukdomar--besvar/ogon-oron-nasa-och-hals/syn/fargblindhet/
child_page_489.pdf,https://www.1177.se/sjukdomar--besvar/ogon-oron-nasa-och-hals/syn/glaskroppsavlossning/
child_page_490.pdf,https://www.1177.se/sjukdomar--besvar/ogon-oron-nasa-och-hals/syn/gra-starr-katarakt/
child_page_491.pdf,https://www.1177.se/sjukdomar--besvar/ogon-oron-nasa-och-hals/syn/nathinneavlossning/
child_page_492.pdf,https://www.1177.se/sjukdomar--besvar/ogon-oron-nasa-och-hals/syn/skelning-hos-barn/
child_page_493.pdf,https://www.1177.se/sjukdomar--besvar/ogon-oron-nasa-och-hals/syn/skelning-och-dubbelseende-hos-vuxna/
child_page_494.pdf,https://www.1177.se/sjukdomar--besvar/ogon-oron-nasa-och-hals/syn/synfel/
child_page_495.pdf,https://www.1177.se/sjukdomar--besvar/ogon-oron-nasa-och-hals/syn/synnedsattning/
child_page_496.pdf,https://www.1177.se/sjukdomar--besvar/ogon-oron-nasa-och-hals/syn/aldersforandringar-i-gula-flacken/
child_page_497.pdf,https://www.1177.se/sjukdomar--besvar/ogon-oron-nasa-och-hals/syn/oppenvinkelglaukom-gron-starr/
child_page_498.pdf,https://www.1177.se/sjukdomar--besvar/ogon-oron-nasa-och-hals/nasa-och-luktsinne/nastappa-och-snuva/
child_page_499.pdf,https://www.1177.se/sjukdomar--besvar/ogon-oron-nasa-och-hals/nasa-och-luktsinne/vasomotorisk-rinit/
child_page_500.pdf,https://www.1177.se/sjukdomar--besvar/ogon-oron-nasa-och-hals/nasa-och-luktsinne/naspolyper/
child_page_501.pdf,https://www.1177.se/sjukdomar--besvar/ogon-oron-nasa-och-hals/nasa-och-luktsinne/nasblod/
child_page_502.pdf,https://www.1177.se/sjukdomar--besvar/ogon-oron-nasa-och-hals/nasa-och-luktsinne/nedsatt-luktsinne-och-smaksinne/
child_page_503.pdf,https://www.1177.se/sjukdomar--besvar/ogon-oron-nasa-och-hals/oron-och-balans/horselgangseksem/
child_page_504.pdf,https://www.1177.se/sjukdomar--besvar/ogon-oron-nasa-och-hals/oron-och-balans/kristallsjuka--godartad-lagesyrsel/
child_page_505.pdf,https://www.1177.se/sjukdomar--besvar/ogon-oron-nasa-och-hals/oron-och-balans/menieres-sjukdom/
child_page_506.pdf,https://www.1177.se/sjukdomar--besvar/ogon-oron-nasa-och-hals/oron-och-balans/ont-i-orat/
child_page_507.pdf,https://www.1177.se/sjukdomar--besvar/ogon-oron-nasa-och-hals/oron-och-balans/vaxpropp-i-orat/
child_page_508.pdf,https://www.1177.se/sjukdomar--besvar/ogon-oron-nasa-och-hals/oron-och-balans/aksjuka/
child_page_509.pdf,https://www.1177.se/sjukdomar--besvar/ogon-oron-nasa-och-hals/oron-och-balans/oroninflammation/
